{
  "glyphs": [
    "SELF",
    "LIGHT",
    "VOICE"
  ],
  "vector": [
    -0.41767919063568115,
    -0.010405689477920532,
    0.7012470960617065,
    0.24898099899291992,
    0.718745231628418,
    1.1518466472625732
  ],
  "purity": 0.22897131741046906,
  "tone": "reverent",
  "alignment": 0.17099466919898987,
  "approved": false
}